Entry Number,Pincode
2017MCS6973,816674
2017MCS1364,281170
2017MCS6068,906803
2017MCS5568,838206
2017MCS4013,843912
2017MCS7896,201883
2017MCS9145,659985
2017MCS7661,642612
2017MCS2127,415705
2017MCS3900,481091
2017MCS1311,158632
2017MCS5202,817234
2017MCS8094,206890
2017MCS8312,387813
2017MCS5814,635065
2017MCS8758,890178
2017MCS5486,990757
2017MCS5175,286225
2017MCS2261,484410
2017MCS7208,854691
2017MCS3404,871308
2017MCS1990,342091
2017MCS4601,928685
2017MCS9185,754791
2017MCS8216,423234
2017MCS7447,151494
2017MCS5806,627361
2017MCS1178,373974
2017MCS8010,447005
2017MCS9956,403609
2017MCS1912,818514
2017MCS5949,271268
2017MCS6750,571095
2017MCS7955,710999
2017MCS8584,906700
2017MCS8511,673066
2017MCS1811,265604
2017MCS6456,126562
2017MCS5118,313068
2017MCS3075,305548
2017MCS9288,957196
2017MCS8994,845530
2017MCS2754,450710
2017MCS1196,951933
2017MCS1457,261518
2017MCS4900,813471
2017MCS5790,605807
2017MCS7885,598127
2017MCS6938,881242
2017MCS3710,253371
2017MCS1342,117479
2017MCS2975,427019
2017MCS2648,824913
2017MCS5390,874263
2017MCS1649,959498
2017MCS9417,772634
2017MCS2296,364986
2017MCS9378,226581
2017MCS1911,982659
2017MCS9202,386727
2017MCS6324,257867
2017MCS6626,442787
2017MCS8306,362003
2017MCS9867,152403
2017MCS5370,514408
2017MCS4797,648775
2017MCS5029,185675
2017MCS6734,109049
2017MCS3108,797160
2017MCS3178,425952
2017MCS9345,241740
2017MCS4638,677261
2017MCS1202,603757
2017MCS7731,469448
2017MCS3090,647462
2017MCS7343,784781
2017MCS7451,857046
2017MCS6350,372607
2017MCS4552,586274
2017MCS6529,863380
2017MCS7045,979308
2017MCS7940,520861
2017MCS9870,365681
2017MCS3965,395527
2017MCS2139,261328
2017MCS5185,447816
2017MCS3454,258772
2017MCS6113,157340
2017MCS8854,893326
2017MCS7736,538935
2017MCS4306,263551
2017MCS2364,641414
2017MCS7594,326275
2017MCS1170,333353
2017MCS8212,843043
2017MCS1396,177979
2017MCS4076,558749
2017MCS9485,754594
2017MCS3104,390403